model,accuracy,precision,recall,f1_score,roc_auc,avg_confidence
stroke_model_iter020.pt,0.9018036072144289,0.890728476821192,0.8053892215568862,0.8459119496855346,0.8778452131880816,0.8023376
