model,accuracy,precision,recall,f1_score,roc_auc,avg_confidence
stroke_model_iter020.pt,0.8827655310621243,0.8277945619335347,0.8203592814371258,0.8240601503759398,0.867257953971575,0.74746436
