model,accuracy,precision,recall,f1_score,roc_auc,avg_confidence
stroke_model_iter020.pt,0.9579158316633266,0.9345238095238095,0.9401197604790419,0.9373134328358209,0.9534936151792801,0.95889056
