model,accuracy,precision,recall,f1_score,roc_auc,avg_confidence
stroke_model_iter020.pt,0.9579158316633266,0.9451219512195121,0.9281437125748503,0.9365558912386707,0.9505176394199552,0.9500477
